frames,hit-ratio
2,0.02
3,0.0293333
4,0.039
5,0.0476667
6,0.0596667
7,0.067
8,0.0783333
9,0.0883333
10,0.099
