frames,hit-ratio
2,0.0163333
3,0.028
4,0.035
5,0.047
6,0.056
7,0.065
8,0.0763333
9,0.084
10,0.093
